
INSERT INTO `telephely` (`telephely_id`, `megye`, `ir_szam`, `varos`, `utca`, `hazszam`, `created_at`, `updated_at`) VALUES (NULL, 'Pest', '2450', 'Budapest', 'Rákosi Gárdony utca', '97', '2022-03-10 14:03:14', '2022-03-10 14:03:14'), (NULL, 'Zala', '6330', 'Zalaegerszeg', 'Ittlakik Anagyim tér', '135', '2022-03-10 14:03:14', '2022-03-10 14:03:14'), (NULL, 'Barbár', '7432', 'Pécs', 'Fejsze út', '74', '2022-03-10 14:03:14', '2022-03-10 14:03:14');

INSERT INTO `modell` (`modell_id`, `marka`, `tipus`, `modell`, `evjarat`, `kivitel`, `uzemanyag`, `teljesitmeny`, `created_at`, `updated_at`) VALUES (NULL, 'BMW', 'X5mdfg34', 'X5', '2020', 'Kombi', 'Benzin', '300', '2022-03-10 14:45:06', '2022-03-10 14:45:06'), (NULL, 'Toyota', 'ToyotaYarisC300H2021', 'Yaris', '2021', 'Cabrio', 'Hybrid', '300', '2022-03-10 14:45:06', '2022-03-10 14:45:06'), (NULL, 'Tesla', 'teslaModell3K400E2021', 'Modell 3', '2021', 'Kombi', 'Elektromos', '400', '2022-03-10 14:45:06', '2022-03-10 14:45:06'), (NULL, 'Ford', 'FordMustangS600B2022', 'Mustang', '2022', 'Sport', 'Benzin', '600', '2022-03-10 14:45:06', '2022-03-10 14:45:06'), (NULL, 'Ford', 'FordMustangS700B2022', 'Mustang', '2000', 'Sport Ultra', 'Benzin', '700', '2022-03-10 14:45:06', '2022-03-10 14:45:06'), (NULL, 'Tesla', 'Roadster800ES', 'Roadster', '2011', 'Cabrio', 'Elektromos', '800', '2022-03-10 14:45:06', '2022-03-10 14:45:06'), (NULL, 'Toyota', 'YarisMg500SB', 'Yaris', '2012', 'Kombi', 'Benzin', '500', '2022-03-10 14:45:06', '2022-03-10 14:45:06'), (NULL, 'Számalk', 'SzaléziSZFA1', 'Szalézi', '2013', 'Programozói', 'Benzines', '100', '2022-03-10 14:45:06', '2022-03-10 14:45:06'), (NULL, 'Cadillac', 'Sedan de Ville (5th gen)', 'Sedan de Ville', '1999', 'Kombi', 'Benzin', '3000', '2022-03-10 14:45:06', '2022-03-10 14:45:06'), (NULL, 'Cadillac', 'Series 75 (9th gen)', 'Series 75', '2010', 'Cabrio', 'Benzin', '240', '2022-03-10 14:45:06', '2022-03-10 14:45:06'), (NULL, 'Kia', 'Soul (2nd gen - PS)', 'Soul', '2019', 'Hybrid', 'Benzin/Elektromos', '300', '2022-03-10 14:45:06', '2022-03-10 14:45:06'), (NULL, 'Kia', 'Opirus / Amanti -', 'Opirus / Amanti', '2017', 'Kombi', 'Benzin', '300', '2022-03-10 14:45:06', '2022-03-10 14:45:06'), (NULL, 'Volkswagen', 'Parati (G2)', 'Parati', '2016', 'Mini', 'Benzin', '200', '2022-03-10 14:45:06', '2022-03-10 14:45:06'), (NULL, 'Volkswagen', 'Voyage (G5)', 'Voyage', '2013', 'Pickup', 'Benzin', '500', '2022-03-10 14:45:06', '2022-03-10 14:45:06'), (NULL, 'BMW', '4-Series, M4 (G22, G23, G24)', '4-Series, M4', '2020', 'Luxus', 'Benzin', '300', '2022-03-10 14:45:06', '2022-03-10 14:45:06'), (NULL, 'Cadillac', 'ATS (1st gen)', 'ATS', '2021', 'Kombi', 'Benzin', '300', '2022-03-10 14:45:06', '2022-03-10 14:45:06'), (NULL, 'Tesla', 'Modell 3S T', 'Modell 3S T', '2011', 'Sport', 'Elektromos', '500', '2022-03-10 14:45:06', '2022-03-10 14:45:06'), (NULL, 'Dömper', 'DDD42ASD', 'dömpi', '2022', 'Dömper', 'Dízel', '1200', '2022-03-10 14:45:06', '2022-03-10 14:45:06'), (NULL, 'CAT', 'bobcat400BS', 'Bobkat', '2022', 'targonca', 'Benzin', '700', '2022-03-10 14:45:06', '2022-03-10 14:45:06'), (NULL, 'Tesla', 'Cyber truck 2022L', 'Cryber truck', '2022', 'Pickup', 'Elektromos', '1000', '2022-03-10 14:45:06', '2022-03-10 14:45:06');

INSERT INTO `modell_tulajdonsag` (`modell_tul_id`, `modell_id`, `tulajdonsag`, `created_at`, `updated_at`) VALUES
(1, 1, 'GPS', '2022-03-10 13:58:19', '2022-03-10 13:58:19'),
(2, 2, 'ABS', '2022-03-10 13:58:19', '2022-03-10 13:58:19'),
(3, 3, 'Önvezető', '2022-03-10 13:58:19', '2022-03-10 13:58:19'),
(4, 4, 'Implepeter', '2022-03-10 13:58:19', '2022-03-10 13:58:19'),
(5, 5, 'Sport mód', '2022-03-10 13:58:19', '2022-03-10 13:58:19'),
(6, 6, 'Beépített kijelző', '2022-03-10 13:58:19', '2022-03-10 13:58:19'),
(7, 7, 'Tolató kamera', '2022-03-10 13:58:19', '2022-03-10 13:58:19'),
(8, 8, 'Önparkoló', '2022-03-10 13:58:19', '2022-03-10 13:58:19'),
(9, 9, 'Ülés fűttés', '2022-03-10 13:58:19', '2022-03-10 13:58:19'),
(10, 10, 'Ülés hűttés', '2022-03-10 13:58:19', '2022-03-10 13:58:19'),
(11, 11, 'Ez egy honda', '2022-03-10 13:58:19', '2022-03-10 13:58:19'),
(12, 12, 'Beépített PS4', '2022-03-10 13:58:19', '2022-03-10 13:58:19'),
(13, 13, 'ABS', '2022-03-10 13:58:19', '2022-03-10 13:58:19'),
(14, 14, 'Tempomat', '2022-03-10 13:58:19', '2022-03-10 13:58:19'),
(15, 15, 'Tolató kamera', '2022-03-10 13:58:19', '2022-03-10 13:58:19'),
(16, 16, NULL, '2022-03-10 20:28:13', '2022-03-10 20:28:13'),
(17, 17, NULL, '2022-03-10 20:28:13', '2022-03-10 20:28:13'),
(18, 18, NULL, '2022-03-10 20:28:13', '2022-03-10 20:28:13'),
(19, 19, NULL, '2022-03-10 20:28:13', '2022-03-10 20:28:13'),
(20, 20, NULL, '2022-03-10 20:28:13', '2022-03-10 20:28:13');


INSERT INTO `auto` (`alvazSzam`, `modell`, `telephely`, `napiAr`, `szin`, `forgalmiSzam`, `statusz`, `rendszam`, `created_at`, `updated_at`) VALUES
('00000000000000000', 1, 1, 4500, 'kék', '00000000000000000000000000000', 0, 'ABC123', '2022-03-10 14:05:10', '2022-03-10 14:05:10'),
('10101010101010101', 2, 1, 3000, 'Fehér', '101010101010101010101010101010', 0, 'éla345', '2022-03-10 14:05:10', '2022-03-10 14:05:10'),
('11011011011011011', 9, 3, 7000, 'Sárga', '110110110110110110110110110110', 0, 'hgf123', '2022-03-10 14:05:10', '2022-03-10 14:05:10'),
('11111111111111111', 1, 1, 4000, 'Piros', '111111111111111111111111111111', 0, 'asd456', '2022-03-10 14:05:10', '2022-03-10 14:05:10'),
('12121212121212121', 4, 2, 8000, 'Lila', '121212121212121212121212121212', 0, 'lkr562', '2022-03-10 14:05:10', '2022-03-10 14:05:10'),
('13131313131313131', 5, 1, 5000, 'Kék', '131313131313131313131313131313', 0, 'ára123', '2022-03-10 14:05:10', '2022-03-10 14:05:10'),
('14141414141414141', 10, 2, 8000, 'Piros', '141414141414141414141414141414', 0, 'áfs123', '2022-03-10 14:05:10', '2022-03-10 14:05:10'),
('15151515151515151', 13, 3, 9000, 'Hupikék', '151515151515151515151515151515', 0, 'mrt653', '2022-03-10 14:05:10', '2022-03-10 14:05:10'),
('16161616161616161', 3, 3, 4000, 'Fehér', '161616161616161616161616161616', 1, 'áéf987', '2022-03-10 14:05:10', '2022-03-10 14:05:10'),
('17171717171717171', 2, 3, 7000, 'Türkisz kék', '171717171717171717171717171717', 0, 'éál678', '2022-03-10 14:05:10', '2022-03-10 14:05:10'),
('18181818181818181', 5, 1, 6700, 'Lila', '181818181818181818181818181818', 0, 'kél432', '2022-03-10 14:05:10', '2022-03-10 14:05:10'),
('19191919191919191', 12, 2, 4100, 'Sárga', '191919191919191919191919191919', 1, 'vbm123', '2022-03-10 14:05:10', '2022-03-10 14:05:10'),
('22222222222222222', 20, 2, 8000, 'Fehér', '222222222222222222222222222222', 0, 'asd789', '2022-03-10 14:05:10', '2022-03-10 14:05:10'),
('33333333333333333', 10, 2, 10000, 'Sárga', '33333333333333333333333333333', 1, 'dsa123', '2022-03-10 14:05:10', '2022-03-10 14:05:10'),
('44444444444444444', 18, 1, 5000, 'Türkisz', '444444444444444444444444444444', 0, 'asd756', '2022-03-10 14:05:10', '2022-03-10 14:05:10'),
('55555555555555555', 19, 2, 7000, 'Lol', '555555555555555555555555555555', 0, 'ftz567', '2022-03-10 14:05:10', '2022-03-10 14:05:10'),
('66666666666666666', 14, 2, 4324, 'asdF', '666666666666666666666666666666', 0, 'jzh645', '2022-03-10 14:05:10', '2022-03-10 14:05:10'),
('77777777777777777', 16, 1, 5000, 'Fekete', '777777777777777777777777777777', 0, 'lkj123', '2022-03-10 14:05:10', '2022-03-10 14:05:10'),
('88888888888888888', 2, 1, 5000, 'Fekete', '88888888888888888888888888888', 0, 'njk753', '2022-03-10 14:05:10', '2022-03-10 14:05:10'),
('99999999999999999', 7, 1, 7000, 'Piros', '999999999999999999999999999999', 0, 'lsj012', '2022-03-10 14:05:10', '2022-03-10 14:05:10');

INSERT INTO `auto_extra` (`auto_extra_id`, `alvazSzam`, `extra_megnevezese`, `created_at`, `updated_at`) VALUES
(1, '00000000000000000', 'strucbőr kormány', '2022-03-10 14:24:59', '2022-03-10 14:24:59'),
(2, '11111111111111111', 'Papagályszőrös kipufogó bélés', '2022-03-10 14:24:59', '2022-03-10 14:24:59'),
(3, '22222222222222222', 'Koponyás felni', '2022-03-10 14:24:59', '2022-03-10 14:24:59'),
(4, '33333333333333333', 'Lyukas tető', '2022-03-10 14:24:59', '2022-03-10 14:24:59'),
(5, '44444444444444444', 'Szétrohadt alváz', '2022-03-10 14:24:59', '2022-03-10 14:24:59'),
(6, '55555555555555555', 'kecske szőr a tetőn', '2022-03-10 14:24:59', '2022-03-10 14:24:59'),
(7, '66666666666666666', 'Spoiler', '2022-03-10 14:24:59', '2022-03-10 14:24:59'),
(8, '77777777777777777', 'Nagy raktér', '2022-03-10 14:24:59', '2022-03-10 14:24:59'),
(9, '88888888888888888', 'Nagy raktér, könyék támasz', '2022-03-11 14:24:59', '2022-03-10 14:24:59'),
(10, '99999999999999999', 'DVD lejátszó', '2022-03-10 14:24:59', '2022-03-10 14:24:59'),
(11, '10101010101010101', 'Kormány melegítő, kuplunk grip', '2022-03-10 14:24:59', '2022-03-03 14:24:59'),
(12, '11011011011011011', 'Pohár tartó', '2022-03-10 14:24:59', '2022-03-10 14:24:59'),
(13, '12121212121212121', '5.1 hangszóró', '2022-03-10 14:24:59', '2022-03-10 14:24:59'),
(14, '13131313131313131', '7.1 hangrendszer', '2022-03-10 14:24:59', '2022-03-10 14:24:59'),
(15, '14141414141414141', 'VS Code a műszerfalon', NULL, NULL),
(16, '15151515151515151', 'Strucbőr kormány', '2022-03-10 20:42:51', '2022-03-10 20:42:51'),
(17, '16161616161616161', 'Papagályszőrös kipufogó bélés', '2022-03-10 20:42:51', '2022-03-10 20:42:51'),
(18, '17171717171717171', 'Koponyás felni', '2022-03-10 20:42:51', '2022-03-10 20:42:51'),
(19, '18181818181818181', 'Lyukas tető', '2022-03-10 20:42:51', '2022-03-10 20:42:51'),
(20, '19191919191919191', 'Szétrohadt alváz', '2022-03-10 20:42:51', '2022-03-10 20:42:51');


INSERT INTO `auto_kepek` (`auto_kep_id`, `alvazSzam`, `kep`, `kesz_datum`, `nyilvanose`, `created_at`, `updated_at`) VALUES
(1, '00000000000000000', '../kepek/232311_source.jpg', '2022-03-21 16:57:39', 0, '2022-02-28 14:11:23', '2022-02-28 14:11:23'),
(2, '10101010101010101', '../kepek/2018010359.jpg', '2022-03-21 16:57:39', 0, '2022-02-28 14:11:23', '2022-02-28 14:11:23'),
(3, '11011011011011011', '../kepek/car.jpg', '2022-03-21 16:57:39', 0, '2022-02-28 14:11:23', '2022-02-28 14:11:23'),
(4, '11111111111111111', '../kepek/elantra-1080p.jpg', '2022-03-21 16:57:39', 0, '2022-02-23 16:33:52', '2022-02-28 14:13:33'),
(5, '12121212121212121', '../kepek/hir1.png', '2022-03-21 16:57:39', 0, '2022-03-01 16:08:11', '2022-03-01 16:23:32'),
(6, '13131313131313131', '../kepek/042416-Barn-Finds-1962-Auto-Union-1000S-1-630x473.jpg', '2022-03-21 16:57:39', 0, '2022-02-23 19:01:10', '2022-03-01 16:08:11'),
(7, '14141414141414141', '../kepek/camero_2010_la_auto_show-t2.jpg', '2022-03-21 16:57:39', 0, '2022-03-01 16:08:11', '2022-03-01 16:08:11'),
(8, '15151515151515151', '../kepek/car_photo_336460.webp', '2022-03-21 16:57:39', 0, '2022-02-23 19:01:10', '2022-02-23 19:01:10'),
(9, '16161616161616161', '../kepek/fisker-rocket-by-galpin-auto-sports-is-a-725-hp-ford-mustang-photo-gallery-89160_1.jpg', '2022-03-21 16:57:39', 0, '2022-03-01 16:08:11', '2022-03-01 16:08:11'),
(10, '17171717171717171', '../kepek/la_auto_show_05.jpg', '2022-03-21 16:57:39', 0, '2022-03-01 16:08:11', '2022-02-23 19:01:10'),
(11, '18181818181818181', '../kepek/laauto2018-1028.jpg', '2022-03-21 16:57:39', 0, '2022-03-01 16:08:11', '2022-02-23 19:01:10'),
(12, '19191919191919191', '../kepek/lamborghini_in_auto_expo-t2.jpg', '2022-03-21 16:57:39', 0, '2022-02-23 19:04:48', '2022-03-01 16:08:11'),
(13, '22222222222222222', '../kepek/rimac_concept_s_geneva_auto_2016-t2.jpg', '2022-03-21 16:57:39', 0, '2022-02-23 19:04:48', '2022-03-01 16:08:11'),
(14, '33333333333333333', '../kepek/Screen-Shot-2019-01-14-at-4.03.20-PM-768x476.png', '2022-03-21 16:57:39', 0, '2022-03-01 16:08:11', '2022-02-23 19:04:48'),
(15, '44444444444444444', '../kepek/Tokyo-Auto-Salon-2017-8-1140x760.jpg', '2022-03-21 16:57:39', 0, '2022-03-01 16:11:37', '2022-03-01 16:11:37'),
(16, '55555555555555555', '../kepek/Tokyo-Auto-Salon-2017-3-1140x760.jpg', '2022-03-21 16:57:39', 0, '2022-03-10 14:30:00', '2022-03-10 14:30:00'),
(17, '66666666666666666', '../kepek/Tokyo-Auto-Salon-2017-9-1140x760.jpg', '2022-03-21 16:57:39', 0, '2022-03-10 14:30:00', '2022-03-10 14:30:00'),
(18, '77777777777777777', '../kepek/Tokyo-Auto-Salon-2017-11-1140x641.jpg', '2022-03-21 16:57:39', 0, '2022-03-10 14:30:00', '2022-03-10 14:30:00'),
(19, '88888888888888888', '../kepek/Tokyo-Auto-Salon-2017-12-1140x760.jpg', '2022-03-21 16:57:39', 0, '2022-03-10 14:30:00', '2022-03-10 14:30:00'),
(20, '99999999999999999', '../kepek/Tokyo-Auto-Salon-2017-13-1140x641.jpg', '2022-03-21 16:57:39', 0, '2022-03-10 14:30:00', '2022-03-10 14:30:00');


INSERT INTO `kedvezmeny` (`szazalek_id`,`szazalek`, `naptol`, `created_at`, `updated_at`) VALUES
(NULL,0, 0, '2022-03-10 13:05:05', '2022-03-10 13:05:05'),
(NULL,5, 3, '2022-03-10 20:55:49', '2022-03-10 20:55:49'),
(NULL,10, 7, '2022-03-10 13:05:05', '2022-03-10 13:05:05'),
(NULL,15, 10, '2022-03-03 13:05:05', '2022-03-10 13:05:05'),
(NULL,20, 14, '2022-03-10 13:05:05', '2022-03-10 13:05:05');


INSERT INTO `felhasznalo` (`felhasznalo_id`, `vezeteknev`, `keresztnev`, `felhasznalonev`, `jelszo`, `szul_ido`, `profilkep`, `ir_szam`, `megye`, `varos`, `utca`, `hazszam`, `tel_szam`, `e_mail`, `reg_datum`, `jogkor`, `telephely`, `created_at`, `updated_at`) VALUES (NULL, 'Illés', 'Lejla', 'Illés123', 'Kenyerező234', '1992-03-05', NULL, '2450', 'Pest', 'Budapest', 'Rákosi Gárdony utca', '97', '+36300000000', 'IlléesLej123@gmail.com', current_timestamp(), '2', '2', '2022-03-22 11:15:46', '2022-03-22 11:15:46'), (NULL, 'Nagy', 'Klaudia', 'Klauka123', 'asdasd123', '1992-03-24', NULL, '6330', 'Zala', 'Zalaegerszeg', 'Ittlakik Anagyim tér', '135', '+36300000000', 'nagybaza@gmail.com', current_timestamp(), '2', '2', '2022-03-22 11:15:46', '2022-03-22 11:15:46'), (NULL, 'Bagi', 'Sándor', 'Sbagi', 'sbagi123', '1983-03-17', NULL, '7432', 'Barbár', 'Pécs', 'Fejsze út', '74', '+36300000000', 'sbagi@gmail.com', current_timestamp(), '3', '1', '2022-03-22 11:15:46', '2022-03-22 11:15:46'), (NULL, 'Nagy Barna', 'Szilárd', 'NBS', 'nbs123ad', '1995-03-08', NULL, '3413', 'Pest', 'Gyál', 'Rákóczi ferenc utca', '79', '+36300000000', 'nagybarna@gmail.com', current_timestamp(), '1', NULL, '2022-03-22 11:15:46', '2022-03-22 11:15:46'), (NULL, 'Füty', 'Imre', 'imike1', 'imike123', '2002-03-20', NULL, '1', 'Zala', 'Szeged', 'Petőfi Béla utca ', '65', '+36300000000', 'menesiöööö@gmail.com', current_timestamp(), '1', NULL, '2022-03-22 11:15:46', '2022-03-22 11:15:46'), (NULL, 'Cserepes', 'Virág', 'virágos123', 'virágosJózsi321', '1992-03-18', NULL, '1334', 'Bakmen', 'Kiskunáli', 'JinJang street', '12', '+36300000000', 'junJang@gmail.com', current_timestamp(), '1', NULL, '2022-03-22 11:15:46', '2022-03-22 11:15:46'), (NULL, 'Géci', 'Józsi', 'geciJózsi', 'gecij6', '1993-03-22', NULL, '1', 'Szabolcs', 'almafási', 'hunterspoin street', '52', '+36300000000', 'szabolcs@gmail.com', current_timestamp(), '1', NULL, '2022-03-22 11:15:46', '2022-03-22 11:15:46'), (NULL, 'Gilfojle', 'Bertram', 'Darksider', 'darksider1', '1993-03-18', NULL, '1345', 'Alföld', 'Debrecen', 'kandle utca', '42', '+36300000000', 'alfoldkemerel12@gmail.com', current_timestamp(), '1', NULL, '2022-03-22 11:15:46', '2022-03-22 11:15:46'), (NULL, 'Fast', 'Api', 'Fasztapi', 'fasztapi121', '1993-03-23', NULL, '1357', 'borsod', 'szekszárd', 'faszozoapi@gmail.com', '41', '+36300000000', 'fastapi@gmail.com', current_timestamp(), '1', NULL, '2022-03-22 11:15:46', '2022-03-22 11:15:46'), (NULL, 'Keren', 'Elena', 'KerenElena', 'kerenke123', '1993-03-27', NULL, '4246', 'Szabolcs', 'szakmár', 'olich utca ', '132', '+36300000000', 'szabolcsszakmárika6543@gmail.com', current_timestamp(), '1', NULL, '2022-03-22 11:15:46', '2022-03-22 11:15:46');

INSERT INTO `fizetes` (`kifizetes_id`, `fogl_azonosito`, `kelt`, `sorszam`, `fizetes_alapja`, `befizetett_osszeg`, `kifizetendo_osszegeg`, `created_at`, `updated_at`) VALUES (NULL, '1', '2022-03-01 22:19:51', '0', 'foglalás létrehozva', '5000', '5000', '2022-03-01 22:19:51', '2022-03-27 22:19:51'), (NULL, '2', '2022-03-01 22:19:51', '0', 'foglalás létrehozva', '5000', '5000', '2022-03-01 22:19:51', '2022-03-27 22:19:51'), (NULL, '3', '2022-03-01 22:19:51', '0', 'foglalás létrehozva', '5000', '5000', '2022-03-01 22:19:51', '2022-03-01 22:19:51'), (NULL, '4', '2022-03-01 22:19:51', '0', 'foglalás létrehozva', '5000', '5000', '2022-03-01 22:19:51', '2022-03-27 22:19:51'), (NULL, '5', '2022-03-01 22:19:51', '0', 'foglalás létrehozva', '5000', '5000', '2022-03-01 22:19:51', '2022-03-27 22:19:51'), (NULL, '6', '2022-03-01 22:19:51', '0', 'foglalás létrehozva', '5000', '5000', '2022-03-01 22:19:51', '2022-03-27 22:19:51'), (NULL, '7', '2022-03-01 22:19:51', '0', 'foglalás létrehozva', '5000', '5000', '2022-03-01 22:19:51', '2022-03-27 22:19:51'), (NULL, '8', '2022-03-01 22:19:51', '0', 'foglalás létrehozva', '5000', '5000', '2022-03-01 22:19:51', '2022-03-27 22:19:51'), (NULL, '9', '2022-03-01 22:19:51', '0', 'foglalás létrehozva', '5000', '5000', '2022-03-01 22:19:51', '2022-03-27 22:19:51'), (NULL, '10', '2022-03-01 22:19:51', '0', 'foglalás létrehozva', '5000', '5000', '2022-03-01 22:19:51', '2022-03-27 22:19:51'), (NULL, '11', '2022-03-01 22:19:51', '0', 'foglalás létrehozva', '5000', '5000', '2022-03-01 22:19:51', '2022-03-27 22:19:51'), (NULL, '12', '2022-03-01 22:19:51', '0', 'foglalás létrehozva', '5000', '5000', '2022-03-01 22:19:51', '2022-03-27 22:19:51'), (NULL, '13', '2022-03-01 22:19:51', '0', 'foglalás létrehozva', '5000', '5000', '2022-03-01 22:19:51', '2022-03-27 22:19:51'), (NULL, '14', '2022-03-01 22:19:51', '0', 'foglalás létrehozva', '5000', '5000', '2022-03-01 22:19:51', '2022-03-27 22:19:51'), (NULL, '15', '2022-03-01 22:19:51', '0', 'foglalás létrehozva', '5000', '5000', '2022-03-01 22:19:51', '2022-03-27 22:19:51'), (NULL, '16', '2022-03-01 22:19:51', '0', 'foglalás létrehozva', '5000', '5000', '2022-03-01 22:19:51', '2022-03-27 22:19:51'), (NULL, '17', '2022-03-01 22:19:51', '0', 'foglalás létrehozva', '5000', '5000', '2022-03-01 22:19:51', '2022-03-27 22:19:51'), (NULL, '18', '2022-03-01 22:19:51', '0', 'foglalás létrehozva', '5000', '5000', '2022-03-01 22:19:51', '2022-03-27 22:19:51'), (NULL, '19', '2022-03-01 22:19:51', '0', 'foglalás létrehozva', '5000', '5000', '2022-03-01 22:19:51', '2022-03-27 22:19:51'), (NULL, '20', '2022-03-01 22:19:51', '0', 'foglalás létrehozva', '5000', '5000', '2022-03-01 22:19:51', '2022-03-27 22:19:51');





--A teszt adatok teszt adatja : (NE MÁSOLD KI!!!!!!!!!!!!!!)
INSERT INTO `foglalas`
            (`fogl_azonosito`,
             `alvazszam`,
             `felhasznalo`,
             `elvitel`,
             `visszahozatal`,
             `fogl_kelt`,
             `ervenyessegi_ido`,
             `kedvezmeny`,
             `allapot`,
             `created_at`,
             `updated_at`)
VALUES      (NULL,
             '00000000000000000',
             '3',
             '2022-03-01 21:45:32',
             '2022-03-02 21:45:32',
             '2022-03-01 21:46:18',
             '2022-03-02 21:45:32',
             '1',
             'Lejárt',
             '2022-03-01 21:45:32',
             '2022-03-27 21:45:32'),
            (NULL,
             '11111111111111111',
             '6',
             '2022-03-01 21:46:18',
             '2022-03-02 21:46:18',
             '2022-03-01 21:46:18',
             '2022-03-02 21:46:18',
             '1',
             'Lejárt',
             '2022-03-01 21:46:18',
             '2022-03-27 21:46:18'),
            (NULL,
             '22222222222222222',
             '9',
             '2022-03-01 21:46:18',
             '2022-03-02 21:46:18',
             '2022-03-01 21:46:18',
             '2022-03-02 21:46:18',
             '1',
             'Lejárt',
             '2022-03-01 21:46:18',
             '2022-03-27 21:46:18'),
            (NULL,
             '33333333333333333',
             '5',
             '2022-03-01 21:46:18',
             '2022-03-02 21:46:18',
             '2022-03-01 21:46:18',
             '2022-03-02 21:46:18',
             '1',
             'Lejárt',
             '2022-03-01 21:46:18',
             '2022-03-27 21:46:18'),
            (NULL,
             '44444444444444444',
             '8',
             '2022-03-01 21:46:18',
             '2022-03-02 21:46:18',
             '2022-03-01 21:46:18',
             '2022-03-02 21:46:18',
             '1',
             'Lejárt',
             '2022-03-01 21:46:18',
             '2022-03-27 21:46:18'),
            (NULL,
             '55555555555555555',
             '7',
             '2022-03-01 21:46:18',
             '2022-03-02 21:46:18',
             '2022-03-01 21:46:18',
             '2022-03-02 21:46:18',
             '1',
             'Lejárt',
             '2022-03-01 21:46:18',
             '2022-03-27 21:46:18'),
            (NULL,
             '66666666666666666',
             '1',
             '2022-03-01 21:46:18',
             '2022-03-02 21:46:18',
             '2022-03-01 21:46:18',
             '2022-03-02 21:46:18',
             '1',
             'Lejárt',
             '2022-03-01 21:46:18',
             '2022-03-27 21:46:18'),
            (NULL,
             '77777777777777777',
             '10',
             '2022-03-01 21:46:18',
             '2022-03-02 21:46:18',
             '2022-03-01 21:46:18',
             '2022-03-02 21:46:18',
             '1',
             'Lejárt',
             '2022-03-01 21:46:18',
             '2022-03-27 21:46:18'),
            (NULL,
             '88888888888888888',
             '2',
             '2022-03-01 21:46:18',
             '2022-03-02 21:46:18',
             '2022-03-01 21:46:18',
             '2022-03-02 21:46:18',
             '1',
             'Lejárt',
             '2022-03-01 21:46:18',
             '2022-03-27 21:46:18'),
            (NULL,
             '99999999999999999',
             '4',
             '2022-03-01 21:46:18',
             '2022-03-02 21:46:18',
             '2022-03-01 21:46:18',
             '2022-03-27 21:46:18',
             '1',
             'Lejárt',
             '2022-03-01 21:46:18',
             '2022-03-02 21:46:18'),
            (NULL,
             '10101010101010101',
             '3',
             '2022-03-01 21:46:18',
             '2022-03-02 21:46:18',
             '2022-03-01 21:46:18',
             '2022-03-02 21:46:18',
             '1',
             'Lejárt',
             '2022-03-01 21:46:18',
             '2022-03-27 21:46:18'),
            (NULL,
             '11011011011011011',
             '6',
             '2022-03-01 21:46:18',
             '2022-03-02 21:46:18',
             '2022-03-01 21:46:18',
             '2022-03-02 21:46:18',
             '1',
             'Lejárt',
             '2022-03-01 21:46:18',
             '2022-03-27 21:46:18'),
            (NULL,
             '12121212121212121',
             '9',
             '2022-03-01 21:46:18',
             '2022-03-02 21:46:18',
             '2022-03-01 21:46:18',
             '2022-03-02 21:46:18',
             '1',
             'Lejárt',
             '2022-03-01 21:46:18',
             '2022-03-27 21:46:18'),
            (NULL,
             '13131313131313131',
             '5',
             '2022-03-01 21:46:18',
             '2022-03-02 21:46:18',
             '2022-03-01 21:46:18',
             '2022-03-02 21:46:18',
             '1',
             'Lejárt',
             '2022-03-01 21:46:18',
             '2022-03-27 21:46:18'),
            (NULL,
             '14141414141414141',
             '8',
             '2022-03-01 21:46:18',
             '2022-03-02 21:46:18',
             '2022-03-01 21:46:18',
             '2022-03-02 21:46:18',
             '1',
             'Lejárt',
             '2022-03-01 21:46:18',
             '2022-03-27 21:46:18'),
            (NULL,
             '15151515151515151',
             '7',
             '2022-03-01 21:46:18',
             '2022-03-02 21:46:18',
             '2022-03-01 21:46:18',
             '2022-03-02 21:46:18',
             '1',
             'Lejárt',
             '2022-03-01 21:46:18',
             '2022-03-27 21:46:18'),
            (NULL,
             '16161616161616161',
             '1',
             '2022-03-01 21:46:18',
             '2022-03-02 21:46:18',
             '2022-03-01 21:46:18',
             '2022-03-02 21:46:18',
             '1',
             'Lejárt',
             '2022-03-01 21:46:18',
             '2022-03-27 21:46:18'),
            (NULL,
             '17171717171717171',
             '10',
             '2022-03-01 21:46:18',
             '2022-03-02 21:46:18',
             '2022-03-01 21:46:18',
             '2022-03-02 21:46:18',
             '1',
             'Lejárt',
             '2022-03-01 21:46:18',
             '2022-03-27 21:46:18'),
            (NULL,
             '18181818181818181',
             '2',
             '2022-03-01 21:46:18',
             '2022-03-02 21:46:18',
             '2022-03-01 21:46:18',
             '2022-03-02 21:46:18',
             '1',
             'Lejárt',
             '2022-03-01 21:46:18',
             '2022-03-27 21:46:18'),
            (NULL,
             '19191919191919191',
             '4',
             '2022-03-01 21:46:18',
             '2022-03-02 21:46:18',
             '2022-03-01 21:46:18',
             '2022-03-02 21:46:18',
             '1',
             'Lejárt',
             '2022-03-01 21:46:18',
             '2022-03-27 21:46:18') 